P,P,C,1B,2B,3B,SS,OF,OF,OF,,Instructions
,,,,,,,,,,,1. Locate the player you want to select in the list below 
,,,,,,,,,,,2. Copy the ID of your player (you can use the Name + ID column or the ID column) 
,,,,,,,,,,,3. Paste the ID into the roster position desired 
,,,,,,,,,,,4. You must include an ID for each player; you cannot use just the player's name 
,,,,,,,,,,,5. You can create up to 500 lineups per file 
 
,,,,,,,,,,,Position,Name + ID,Name,ID,Roster Position,Salary,Game Info,TeamAbbrev,AvgPointsPerGame
,,,,,,,,,,,SP,Yu Darvish (15272818),Yu Darvish,15272818,P,11000,CHC@PIT 09/03/2020 01:35PM ET,CHC,26.25
,,,,,,,,,,,SP,Corey Kluber (15272819),Corey Kluber,15272819,P,10200,TEX@HOU 09/03/2020 02:10PM ET,TEX,3.65
,,,,,,,,,,,SP,Jon Lester (15272820),Jon Lester,15272820,P,9400,CHC@PIT 09/03/2020 01:35PM ET,CHC,9.81
,,,,,,,,,,,SP,Cristian Javier (15272821),Cristian Javier,15272821,P,9300,TEX@HOU 09/03/2020 02:10PM ET,HOU,14.89
,,,,,,,,,,,SP,Zack Greinke (15272687),Zack Greinke,15272687,P,9200,TEX@HOU 09/03/2020 02:10PM ET,HOU,17.34
,,,,,,,,,,,SP,Lance McCullers Jr. (15272822),Lance McCullers Jr.,15272822,P,8900,TEX@HOU 09/03/2020 02:10PM ET,HOU,12.31
,,,,,,,,,,,SP,Kyle Hendricks (15272824),Kyle Hendricks,15272824,P,8700,CHC@PIT 09/03/2020 01:35PM ET,CHC,17.24
,,,,,,,,,,,SP,Tyler Chatwood (15272825),Tyler Chatwood,15272825,P,8700,CHC@PIT 09/03/2020 01:35PM ET,CHC,11.88
,,,,,,,,,,,SP,Josh James (15272823),Josh James,15272823,P,8700,TEX@HOU 09/03/2020 02:10PM ET,HOU,1.11
,,,,,,,,,,,SP,Lance Lynn (15272688),Lance Lynn,15272688,P,8300,TEX@HOU 09/03/2020 02:10PM ET,TEX,24.4
,,,,,,,,,,,RP,Brandon Bielak (15272826),Brandon Bielak,15272826,P,8300,TEX@HOU 09/03/2020 02:10PM ET,HOU,6.9
,,,,,,,,,,,RP,Framber Valdez (15272827),Framber Valdez,15272827,P,8100,TEX@HOU 09/03/2020 02:10PM ET,HOU,21.74
,,,,,,,,,,,SP,Chad Kuhl (15272828),Chad Kuhl,15272828,P,7700,CHC@PIT 09/03/2020 01:35PM ET,PIT,10.61
,,,,,,,,,,,SP,Brock Burke (15272829),Brock Burke,15272829,P,7300,TEX@HOU 09/03/2020 02:10PM ET,TEX,0
,,,,,,,,,,,RP,Jordan Lyles (15272830),Jordan Lyles,15272830,P,7200,TEX@HOU 09/03/2020 02:10PM ET,TEX,2.6
,,,,,,,,,,,RP,Taylor Hearn (15272831),Taylor Hearn,15272831,P,7200,TEX@HOU 09/03/2020 02:10PM ET,TEX,3.29
,,,,,,,,,,,RP,Alec Mills (15272689),Alec Mills,15272689,P,7100,CHC@PIT 09/03/2020 01:35PM ET,CHC,10.21
,,,,,,,,,,,SP,Edinson Volquez (15272832),Edinson Volquez,15272832,P,6900,TEX@HOU 09/03/2020 02:10PM ET,TEX,1.91
,,,,,,,,,,,RP,Brett Martin (15272833),Brett Martin,15272833,P,6700,TEX@HOU 09/03/2020 02:10PM ET,TEX,2.46
,,,,,,,,,,,SP,Adbert Alzolay (15272834),Adbert Alzolay,15272834,P,6500,CHC@PIT 09/03/2020 01:35PM ET,CHC,13.25
,,,,,,,,,,,SP,Jose Quintana (15272835),Jose Quintana,15272835,P,6500,CHC@PIT 09/03/2020 01:35PM ET,CHC,9.35
,,,,,,,,,,,SP,Jharel Cotton (15272836),Jharel Cotton,15272836,P,6500,CHC@PIT 09/03/2020 01:35PM ET,CHC,0
,,,,,,,,,,,RP,Jason Adam (15272837),Jason Adam,15272837,P,6500,CHC@PIT 09/03/2020 01:35PM ET,CHC,4.58
,,,,,,,,,,,SP,Tyson Miller (15272838),Tyson Miller,15272838,P,6500,CHC@PIT 09/03/2020 01:35PM ET,CHC,-1.9
,,,,,,,,,,,RP,Rowan Wick (15272839),Rowan Wick,15272839,P,6500,CHC@PIT 09/03/2020 01:35PM ET,CHC,2.27
,,,,,,,,,,,RP,Danny Hultzen (15272840),Danny Hultzen,15272840,P,6500,CHC@PIT 09/03/2020 01:35PM ET,CHC,0
,,,,,,,,,,,RP,Kyle Ryan (15272841),Kyle Ryan,15272841,P,6500,CHC@PIT 09/03/2020 01:35PM ET,CHC,1.68
,,,,,,,,,,,RP,Trevor Megill (15272842),Trevor Megill,15272842,P,6500,CHC@PIT 09/03/2020 01:35PM ET,CHC,0
,,,,,,,,,,,SP,Justin Steele (15272843),Justin Steele,15272843,P,6500,CHC@PIT 09/03/2020 01:35PM ET,CHC,0
,,,,,,,,,,,RP,Dakota Mekkes (15272844),Dakota Mekkes,15272844,P,6500,CHC@PIT 09/03/2020 01:35PM ET,CHC,0
,,,,,,,,,,,SP,Jack Patterson (15272845),Jack Patterson,15272845,P,6500,CHC@PIT 09/03/2020 01:35PM ET,CHC,0
,,,,,,,,,,,RP,Dillon Maples (15272846),Dillon Maples,15272846,P,6500,CHC@PIT 09/03/2020 01:35PM ET,CHC,-1.38
,,,,,,,,,,,SP,Colin Rea (15272847),Colin Rea,15272847,P,6500,CHC@PIT 09/03/2020 01:35PM ET,CHC,3.62
,,,,,,,,,,,SP,Duane Underwood Jr. (15272848),Duane Underwood Jr.,15272848,P,6500,CHC@PIT 09/03/2020 01:35PM ET,CHC,3.97
,,,,,,,,,,,RP,Juan Gamez (15272849),Juan Gamez,15272849,P,6500,CHC@PIT 09/03/2020 01:35PM ET,CHC,0
,,,,,,,,,,,RP,James Norwood (15272850),James Norwood,15272850,P,6500,CHC@PIT 09/03/2020 01:35PM ET,CHC,-1.75
,,,,,,,,,,,SP,Keegan Thompson (15272851),Keegan Thompson,15272851,P,6500,CHC@PIT 09/03/2020 01:35PM ET,CHC,0
,,,,,,,,,,,RP,Jeremy Jeffress (15272852),Jeremy Jeffress,15272852,P,6500,CHC@PIT 09/03/2020 01:35PM ET,CHC,4.10
,,,,,,,,,,,RP,Dan Winkler (15272853),Dan Winkler,15272853,P,6500,CHC@PIT 09/03/2020 01:35PM ET,CHC,2.29
,,,,,,,,,,,RP,Craig Kimbrel (15272854),Craig Kimbrel,15272854,P,6500,CHC@PIT 09/03/2020 01:35PM ET,CHC,1.74
,,,,,,,,,,,SP,Brailyn Marquez (15272855),Brailyn Marquez,15272855,P,6500,CHC@PIT 09/03/2020 01:35PM ET,CHC,0
,,,,,,,,,,,RP,Manuel Rodriguez (15272856),Manuel Rodriguez,15272856,P,6500,CHC@PIT 09/03/2020 01:35PM ET,CHC,0
,,,,,,,,,,,RP,Rex Brothers (15272857),Rex Brothers,15272857,P,6500,CHC@PIT 09/03/2020 01:35PM ET,CHC,3.12
,,,,,,,,,,,RP,Brad Wieck (15272858),Brad Wieck,15272858,P,6500,CHC@PIT 09/03/2020 01:35PM ET,CHC,1.05
,,,,,,,,,,,RP,Casey Sadler (15272860),Casey Sadler,15272860,P,6500,CHC@PIT 09/03/2020 01:35PM ET,CHC,1.74
,,,,,,,,,,,RP,Ryan Tepera (15272861),Ryan Tepera,15272861,P,6500,CHC@PIT 09/03/2020 01:35PM ET,CHC,3.79
,,,,,,,,,,,SP,Kolby Allard (15272859),Kolby Allard,15272859,P,6500,TEX@HOU 09/03/2020 02:10PM ET,TEX,8.84
,,,,,,,,,,,RP,Jonathan Hernandez (15272862),Jonathan Hernandez,15272862,P,6400,TEX@HOU 09/03/2020 02:10PM ET,TEX,5.40
,,,,,,,,,,,SP,Chris Stratton (15272863),Chris Stratton,15272863,P,6300,CHC@PIT 09/03/2020 01:35PM ET,PIT,3.69
,,,,,,,,,,,SP,Derek Holland (15272690),Derek Holland,15272690,P,6200,CHC@PIT 09/03/2020 01:35PM ET,PIT,9.31
,,,,,,,,,,,SP,Kyle Gibson (15272864),Kyle Gibson,15272864,P,6100,TEX@HOU 09/03/2020 02:10PM ET,TEX,9.76
,,,,,,,,,,,SP,Trevor Williams (15272865),Trevor Williams,15272865,P,6000,CHC@PIT 09/03/2020 01:35PM ET,PIT,9.86
,,,,,,,,,,,SP,Joe Musgrove (15272866),Joe Musgrove,15272866,P,5700,CHC@PIT 09/03/2020 01:35PM ET,PIT,9.44
,,,,,,,,,,,RP,JT Brubaker (15272867),JT Brubaker,15272867,P,5700,CHC@PIT 09/03/2020 01:35PM ET,PIT,8.6
,,,,,,,,,,,OF,Yordan Alvarez (15272759),Yordan Alvarez,15272759,OF,5500,TEX@HOU 09/03/2020 02:10PM ET,HOU,13.5
,,,,,,,,,,,RP,Steven Brault (15272870),Steven Brault,15272870,P,5400,CHC@PIT 09/03/2020 01:35PM ET,PIT,5.1
,,,,,,,,,,,RP,Jose Leclerc (15272868),Jose Leclerc,15272868,P,5400,TEX@HOU 09/03/2020 02:10PM ET,TEX,3.05
,,,,,,,,,,,RP,Joe Palumbo (15272869),Joe Palumbo,15272869,P,5400,TEX@HOU 09/03/2020 02:10PM ET,TEX,2.82
,,,,,,,,,,,1B,Anthony Rizzo (15272691),Anthony Rizzo,15272691,1B,5300,CHC@PIT 09/03/2020 01:35PM ET,CHC,7.89
,,,,,,,,,,,3B,Alex Bregman (15272760),Alex Bregman,15272760,3B,5200,TEX@HOU 09/03/2020 02:10PM ET,HOU,8.46
,,,,,,,,,,,2B,Jose Altuve (15272692),Jose Altuve,15272692,2B,5100,TEX@HOU 09/03/2020 02:10PM ET,HOU,6.65
,,,,,,,,,,,C,Willson Contreras (15272693),Willson Contreras,15272693,C,5000,CHC@PIT 09/03/2020 01:35PM ET,CHC,6.69
,,,,,,,,,,,1B,Yuli Gurriel (15272694),Yuli Gurriel,15272694,1B,4900,TEX@HOU 09/03/2020 02:10PM ET,HOU,7.74
,,,,,,,,,,,SS,Carlos Correa (15272695),Carlos Correa,15272695,SS,4800,TEX@HOU 09/03/2020 02:10PM ET,HOU,6.69
,,,,,,,,,,,3B/OF,Kris Bryant (15272696),Kris Bryant,15272696,3B/OF,4700,CHC@PIT 09/03/2020 01:35PM ET,CHC,6.06
,,,,,,,,,,,RP,Ian Gibaut (15272871),Ian Gibaut,15272871,P,4700,TEX@HOU 09/03/2020 02:10PM ET,TEX,1.80
,,,,,,,,,,,OF,George Springer (15272698),George Springer,15272698,OF,4600,TEX@HOU 09/03/2020 02:10PM ET,HOU,7.43
,,,,,,,,,,,SS,Javier Baez (15272699),Javier Baez,15272699,SS,4500,CHC@PIT 09/03/2020 01:35PM ET,CHC,6.57
,,,,,,,,,,,OF,Joey Gallo (15272700),Joey Gallo,15272700,OF,4500,TEX@HOU 09/03/2020 02:10PM ET,TEX,7.24
,,,,,,,,,,,2B/SS,Kevin Newman (15272703),Kevin Newman,15272703,2B/SS,4400,CHC@PIT 09/03/2020 01:35PM ET,PIT,5.30
,,,,,,,,,,,OF,Ian Miller (15272761),Ian Miller,15272761,OF,4400,CHC@PIT 09/03/2020 01:35PM ET,CHC,0
,,,,,,,,,,,OF,Kyle Tucker (15272701),Kyle Tucker,15272701,OF,4400,TEX@HOU 09/03/2020 02:10PM ET,HOU,9.76
,,,,,,,,,,,C,Martin Maldonado (15272702),Martin Maldonado,15272702,C,4400,TEX@HOU 09/03/2020 02:10PM ET,HOU,6.55
,,,,,,,,,,,OF,Kyle Schwarber (15272705),Kyle Schwarber,15272705,OF,4300,CHC@PIT 09/03/2020 01:35PM ET,CHC,8.11
,,,,,,,,,,,1B,Jose Martinez (15272706),Jose Martinez,15272706,1B,4300,CHC@PIT 09/03/2020 01:35PM ET,CHC,4.92
,,,,,,,,,,,OF,Ian Happ (15272707),Ian Happ,15272707,OF,4200,CHC@PIT 09/03/2020 01:35PM ET,CHC,9.31
,,,,,,,,,,,3B/SS,Erik Gonzalez (15272708),Erik Gonzalez,15272708,3B/SS,4100,CHC@PIT 09/03/2020 01:35PM ET,PIT,6.67
,,,,,,,,,,,RP,Jesse Chavez (15272872),Jesse Chavez,15272872,P,4100,TEX@HOU 09/03/2020 02:10PM ET,TEX,0.84
,,,,,,,,,,,OF,Cameron Maybin (15272711),Cameron Maybin,15272711,OF,4000,CHC@PIT 09/03/2020 01:35PM ET,CHC,4.81
,,,,,,,,,,,SP,Chris Archer (15272875),Chris Archer,15272875,P,4000,CHC@PIT 09/03/2020 01:35PM ET,PIT,0
,,,,,,,,,,,SP,Mitch Keller (15272877),Mitch Keller,15272877,P,4000,CHC@PIT 09/03/2020 01:35PM ET,PIT,7.32
,,,,,,,,,,,SP,Jameson Taillon (15272878),Jameson Taillon,15272878,P,4000,CHC@PIT 09/03/2020 01:35PM ET,PIT,0
,,,,,,,,,,,SP,Nick Tropeano (15272880),Nick Tropeano,15272880,P,4000,CHC@PIT 09/03/2020 01:35PM ET,PIT,8.88
,,,,,,,,,,,SP,Carson Fulmer (15272882),Carson Fulmer,15272882,P,4000,CHC@PIT 09/03/2020 01:35PM ET,PIT,1.69
,,,,,,,,,,,SP,James Marvel (15272884),James Marvel,15272884,P,4000,CHC@PIT 09/03/2020 01:35PM ET,PIT,0
,,,,,,,,,,,RP,Michael Feliz (15272885),Michael Feliz,15272885,P,4000,CHC@PIT 09/03/2020 01:35PM ET,PIT,-2.82
,,,,,,,,,,,RP,Josh Osich (15272887),Josh Osich,15272887,P,4000,CHC@PIT 09/03/2020 01:35PM ET,CHC,3.59
,,,,,,,,,,,RP,Keone Kela (15272889),Keone Kela,15272889,P,4000,CHC@PIT 09/03/2020 01:35PM ET,PIT,2.03
,,,,,,,,,,,SP,Clay Holmes (15272891),Clay Holmes,15272891,P,4000,CHC@PIT 09/03/2020 01:35PM ET,PIT,3.8
,,,,,,,,,,,RP,Braeden Ogle (15272894),Braeden Ogle,15272894,P,4000,CHC@PIT 09/03/2020 01:35PM ET,PIT,0
,,,,,,,,,,,RP,Blake Cederlind (15272896),Blake Cederlind,15272896,P,4000,CHC@PIT 09/03/2020 01:35PM ET,PIT,0
,,,,,,,,,,,SP,Cody Bolton (15272899),Cody Bolton,15272899,P,4000,CHC@PIT 09/03/2020 01:35PM ET,PIT,0
,,,,,,,,,,,SP,Nik Turley (15272902),Nik Turley,15272902,P,4000,CHC@PIT 09/03/2020 01:35PM ET,PIT,1.79
,,,,,,,,,,,RP,Geoff Hartlieb (15272905),Geoff Hartlieb,15272905,P,4000,CHC@PIT 09/03/2020 01:35PM ET,PIT,3.27
,,,,,,,,,,,RP,Dovydas Neverauskas (15272907),Dovydas Neverauskas,15272907,P,4000,CHC@PIT 09/03/2020 01:35PM ET,PIT,2.11
,,,,,,,,,,,RP,Nick Burdi (15272908),Nick Burdi,15272908,P,4000,CHC@PIT 09/03/2020 01:35PM ET,PIT,2.95
,,,,,,,,,,,RP,Sam Howard (15272910),Sam Howard,15272910,P,4000,CHC@PIT 09/03/2020 01:35PM ET,PIT,4.14
,,,,,,,,,,,SP,Max Kranick (15272912),Max Kranick,15272912,P,4000,CHC@PIT 09/03/2020 01:35PM ET,PIT,0
,,,,,,,,,,,RP,Tyler Bashlor (15272914),Tyler Bashlor,15272914,P,4000,CHC@PIT 09/03/2020 01:35PM ET,PIT,0.73
,,,,,,,,,,,RP,Nick Mears (15272915),Nick Mears,15272915,P,4000,CHC@PIT 09/03/2020 01:35PM ET,PIT,3.16
,,,,,,,,,,,RP,Yacksel Rios (15272916),Yacksel Rios,15272916,P,4000,CHC@PIT 09/03/2020 01:35PM ET,PIT,1.13
,,,,,,,,,,,RP,Miguel Del Pozo (15272928),Miguel Del Pozo,15272928,P,4000,CHC@PIT 09/03/2020 01:35PM ET,PIT,-2.15
,,,,,,,,,,,RP,Kyle Crick (15272929),Kyle Crick,15272929,P,4000,CHC@PIT 09/03/2020 01:35PM ET,PIT,2.29
,,,,,,,,,,,RP,Richard Rodriguez (15272932),Richard Rodriguez,15272932,P,4000,CHC@PIT 09/03/2020 01:35PM ET,PIT,3.2
,,,,,,,,,,,SP,Aaron Shortridge (15272936),Aaron Shortridge,15272936,P,4000,CHC@PIT 09/03/2020 01:35PM ET,PIT,0
,,,,,,,,,,,SP,Cody Ponce (15272937),Cody Ponce,15272937,P,4000,CHC@PIT 09/03/2020 01:35PM ET,PIT,7.88
,,,,,,,,,,,SP,Justin Verlander (15272873),Justin Verlander,15272873,P,4000,TEX@HOU 09/03/2020 02:10PM ET,HOU,25.1
,,,,,,,,,,,RP,Brad Peacock (15272874),Brad Peacock,15272874,P,4000,TEX@HOU 09/03/2020 02:10PM ET,HOU,0
,,,,,,,,,,,SP,Rogelio Armenteros (15272876),Rogelio Armenteros,15272876,P,4000,TEX@HOU 09/03/2020 02:10PM ET,HOU,0
,,,,,,,,,,,SP,Jose Urquidy (15272879),Jose Urquidy,15272879,P,4000,TEX@HOU 09/03/2020 02:10PM ET,HOU,0
,,,,,,,,,,,RP,Austin Pruitt (15272881),Austin Pruitt,15272881,P,4000,TEX@HOU 09/03/2020 02:10PM ET,HOU,0
,,,,,,,,,,,RP,Chris Devenski (15272883),Chris Devenski,15272883,P,4000,TEX@HOU 09/03/2020 02:10PM ET,HOU,1.75
,,,,,,,,,,,RP,Derek Law (15272886),Derek Law,15272886,P,4000,TEX@HOU 09/03/2020 02:10PM ET,TEX,0
,,,,,,,,,,,RP,Luis Garcia (15272888),Luis Garcia,15272888,P,4000,TEX@HOU 09/03/2020 02:10PM ET,TEX,2.9
,,,,,,,,,,,RP,Yohander Mendez (15272890),Yohander Mendez,15272890,P,4000,TEX@HOU 09/03/2020 02:10PM ET,TEX,0
,,,,,,,,,,,RP,Jojanse Torres (15272892),Jojanse Torres,15272892,P,4000,TEX@HOU 09/03/2020 02:10PM ET,HOU,0
,,,,,,,,,,,RP,Cody Allen (15272893),Cody Allen,15272893,P,4000,TEX@HOU 09/03/2020 02:10PM ET,TEX,0
,,,,,,,,,,,SP,Brett Conine (15272895),Brett Conine,15272895,P,4000,TEX@HOU 09/03/2020 02:10PM ET,HOU,0
,,,,,,,,,,,RP,Juan Nicasio (15272897),Juan Nicasio,15272897,P,4000,TEX@HOU 09/03/2020 02:10PM ET,TEX,-5.6
,,,,,,,,,,,RP,Kent Emanuel (15272898),Kent Emanuel,15272898,P,4000,TEX@HOU 09/03/2020 02:10PM ET,HOU,0
,,,,,,,,,,,RP,Rafael Montero (15272900),Rafael Montero,15272900,P,4000,TEX@HOU 09/03/2020 02:10PM ET,TEX,3.66
,,,,,,,,,,,RP,Bryan Abreu (15272901),Bryan Abreu,15272901,P,4000,TEX@HOU 09/03/2020 02:10PM ET,HOU,1.38
,,,,,,,,,,,RP,Luis Garcia (15272903),Luis Garcia,15272903,P,4000,TEX@HOU 09/03/2020 02:10PM ET,HOU,0
,,,,,,,,,,,RP,Andre Scrubb (15272904),Andre Scrubb,15272904,P,4000,TEX@HOU 09/03/2020 02:10PM ET,HOU,3.83
,,,,,,,,,,,RP,Jimmy Herget (15272906),Jimmy Herget,15272906,P,4000,TEX@HOU 09/03/2020 02:10PM ET,TEX,2.01
,,,,,,,,,,,SP,Alex Speas (15272909),Alex Speas,15272909,P,4000,TEX@HOU 09/03/2020 02:10PM ET,TEX,0
,,,,,,,,,,,RP,Cionel Perez (15272911),Cionel Perez,15272911,P,4000,TEX@HOU 09/03/2020 02:10PM ET,HOU,6.1
,,,,,,,,,,,RP,Enoli Paredes (15272913),Enoli Paredes,15272913,P,4000,TEX@HOU 09/03/2020 02:10PM ET,HOU,3.13
,,,,,,,,,,,SP,Tyler Phillips (15272917),Tyler Phillips,15272917,P,4000,TEX@HOU 09/03/2020 02:10PM ET,TEX,0
,,,,,,,,,,,RP,Ralph Garza Jr. (15272918),Ralph Garza Jr.,15272918,P,4000,TEX@HOU 09/03/2020 02:10PM ET,HOU,0
,,,,,,,,,,,SP,Forrest Whitley (15272919),Forrest Whitley,15272919,P,4000,TEX@HOU 09/03/2020 02:10PM ET,HOU,0
,,,,,,,,,,,RP,Nick Goody (15272920),Nick Goody,15272920,P,4000,TEX@HOU 09/03/2020 02:10PM ET,TEX,1.5
,,,,,,,,,,,SP,Wes Benjamin (15272921),Wes Benjamin,15272921,P,4000,TEX@HOU 09/03/2020 02:10PM ET,TEX,4.9
,,,,,,,,,,,RP,Joely Rodriguez (15272922),Joely Rodriguez,15272922,P,4000,TEX@HOU 09/03/2020 02:10PM ET,TEX,4.29
,,,,,,,,,,,SP,Blake Taylor (15272923),Blake Taylor,15272923,P,4000,TEX@HOU 09/03/2020 02:10PM ET,HOU,3.40
,,,,,,,,,,,RP,Cy Sneed (15272924),Cy Sneed,15272924,P,4000,TEX@HOU 09/03/2020 02:10PM ET,HOU,2.64
,,,,,,,,,,,RP,DeMarcus Evans (15272925),DeMarcus Evans,15272925,P,4000,TEX@HOU 09/03/2020 02:10PM ET,TEX,0
,,,,,,,,,,,RP,Roberto Osuna (15272926),Roberto Osuna,15272926,P,4000,TEX@HOU 09/03/2020 02:10PM ET,HOU,2.99
,,,,,,,,,,,SP,Shawn Dubin (15272927),Shawn Dubin,15272927,P,4000,TEX@HOU 09/03/2020 02:10PM ET,HOU,0
,,,,,,,,,,,RP,Joe Biagini (15272930),Joe Biagini,15272930,P,4000,TEX@HOU 09/03/2020 02:10PM ET,HOU,-2.66
,,,,,,,,,,,RP,Ryan Pressly (15272931),Ryan Pressly,15272931,P,4000,TEX@HOU 09/03/2020 02:10PM ET,HOU,3.26
,,,,,,,,,,,RP,Brandon Bailey (15272933),Brandon Bailey,15272933,P,4000,TEX@HOU 09/03/2020 02:10PM ET,HOU,2.9
,,,,,,,,,,,RP,Nivaldo Rodriguez (15272934),Nivaldo Rodriguez,15272934,P,4000,TEX@HOU 09/03/2020 02:10PM ET,HOU,0.18
,,,,,,,,,,,RP,Brooks Raley (15272935),Brooks Raley,15272935,P,4000,TEX@HOU 09/03/2020 02:10PM ET,HOU,2.62
,,,,,,,,,,,RP,Wei-Chieh Huang (15272938),Wei-Chieh Huang,15272938,P,4000,TEX@HOU 09/03/2020 02:10PM ET,TEX,0
,,,,,,,,,,,SP,Kyle Cody (15272939),Kyle Cody,15272939,P,4000,TEX@HOU 09/03/2020 02:10PM ET,TEX,6.45
,,,,,,,,,,,RP,Luke Farrell (15272940),Luke Farrell,15272940,P,4000,TEX@HOU 09/03/2020 02:10PM ET,TEX,1.17
,,,,,,,,,,,1B,Colin Moran (15272710),Colin Moran,15272710,1B,3900,CHC@PIT 09/03/2020 01:35PM ET,PIT,8.42
,,,,,,,,,,,2B/OF,Adam Frazier (15272712),Adam Frazier,15272712,2B/OF,3800,CHC@PIT 09/03/2020 01:35PM ET,PIT,5.82
,,,,,,,,,,,C,Jacob Stallings (15272714),Jacob Stallings,15272714,C,3800,CHC@PIT 09/03/2020 01:35PM ET,PIT,5.92
,,,,,,,,,,,3B/OF,Phillip Evans (15272762),Phillip Evans,15272762,3B/OF,3800,CHC@PIT 09/03/2020 01:35PM ET,PIT,8.64
,,,,,,,,,,,1B,Josh Bell (15272715),Josh Bell,15272715,1B,3700,CHC@PIT 09/03/2020 01:35PM ET,PIT,5.61
,,,,,,,,,,,1B,Danny Santana (15272764),Danny Santana,15272764,1B,3700,TEX@HOU 09/03/2020 02:10PM ET,TEX,5.93
,,,,,,,,,,,OF,Anthony Alford (15272716),Anthony Alford,15272716,OF,3600,CHC@PIT 09/03/2020 01:35PM ET,PIT,4.13
,,,,,,,,,,,3B/SS,Isiah Kiner-Falefa (15272717),Isiah Kiner-Falefa,15272717,3B/SS,3500,TEX@HOU 09/03/2020 02:10PM ET,TEX,6.82
,,,,,,,,,,,OF,Michael Brantley (15272719),Michael Brantley,15272719,OF,3500,TEX@HOU 09/03/2020 02:10PM ET,HOU,9
,,,,,,,,,,,OF,Bryan Reynolds (15272766),Bryan Reynolds,15272766,OF,3400,CHC@PIT 09/03/2020 01:35PM ET,PIT,5.47
,,,,,,,,,,,OF,Josh Reddick (15272720),Josh Reddick,15272720,OF,3400,TEX@HOU 09/03/2020 02:10PM ET,HOU,6.12
,,,,,,,,,,,2B,Rougned Odor (15272765),Rougned Odor,15272765,2B,3400,TEX@HOU 09/03/2020 02:10PM ET,TEX,4.77
,,,,,,,,,,,OF,Gregory Polanco (15272726),Gregory Polanco,15272726,OF,3300,CHC@PIT 09/03/2020 01:35PM ET,PIT,5.38
,,,,,,,,,,,1B/2B,Derek Dietrich (15272721),Derek Dietrich,15272721,1B/2B,3300,TEX@HOU 09/03/2020 02:10PM ET,TEX,4.93
,,,,,,,,,,,C,Jeff Mathis (15272723),Jeff Mathis,15272723,C,3300,TEX@HOU 09/03/2020 02:10PM ET,TEX,4.77
,,,,,,,,,,,3B/SS,Jack Mayfield (15272724),Jack Mayfield,15272724,3B/SS,3300,TEX@HOU 09/03/2020 02:10PM ET,HOU,2
,,,,,,,,,,,OF,Myles Straw (15272727),Myles Straw,15272727,OF,3200,TEX@HOU 09/03/2020 02:10PM ET,HOU,4.41
,,,,,,,,,,,1B,Greg Bird (15272767),Greg Bird,15272767,1B,3200,TEX@HOU 09/03/2020 02:10PM ET,TEX,0
,,,,,,,,,,,2B/OF,Nick Solak (15272728),Nick Solak,15272728,2B/OF,3100,TEX@HOU 09/03/2020 02:10PM ET,TEX,6.65
,,,,,,,,,,,C,Victor Caratini (15272730),Victor Caratini,15272730,C,3000,CHC@PIT 09/03/2020 01:35PM ET,CHC,4.15
,,,,,,,,,,,1B/OF,Aledmys Diaz (15272731),Aledmys Diaz,15272731,1B/OF,3000,TEX@HOU 09/03/2020 02:10PM ET,HOU,1.67
,,,,,,,,,,,3B/OF,JT Riddle (15272734),JT Riddle,15272734,3B/OF,2900,CHC@PIT 09/03/2020 01:35PM ET,PIT,3.15
,,,,,,,,,,,2B,Jason Kipnis (15272736),Jason Kipnis,15272736,2B,2800,CHC@PIT 09/03/2020 01:35PM ET,CHC,5.64
,,,,,,,,,,,OF,Cole Tucker (15272737),Cole Tucker,15272737,OF,2800,CHC@PIT 09/03/2020 01:35PM ET,PIT,4.37
,,,,,,,,,,,C,Jose Trevino (15272733),Jose Trevino,15272733,C,2800,TEX@HOU 09/03/2020 02:10PM ET,TEX,5.47
,,,,,,,,,,,3B,Ke'Bryan Hayes (15272739),Ke'Bryan Hayes,15272739,3B,2700,CHC@PIT 09/03/2020 01:35PM ET,PIT,12.5
,,,,,,,,,,,SS,Elvis Andrus (15272738),Elvis Andrus,15272738,SS,2700,TEX@HOU 09/03/2020 02:10PM ET,TEX,5
,,,,,,,,,,,OF,Shin-Soo Choo (15272741),Shin-Soo Choo,15272741,OF,2700,TEX@HOU 09/03/2020 02:10PM ET,TEX,6.70
,,,,,,,,,,,C/OF,Blake Swihart (15272768),Blake Swihart,15272768,C/OF,2700,TEX@HOU 09/03/2020 02:10PM ET,TEX,0
,,,,,,,,,,,3B/OF,Jose Osuna (15272742),Jose Osuna,15272742,3B/OF,2600,CHC@PIT 09/03/2020 01:35PM ET,PIT,2.94
,,,,,,,,,,,C,Garrett Stubbs (15272740),Garrett Stubbs,15272740,C,2600,TEX@HOU 09/03/2020 02:10PM ET,HOU,0.58
,,,,,,,,,,,OF,Socrates Brito (15272770),Socrates Brito,15272770,OF,2500,CHC@PIT 09/03/2020 01:35PM ET,PIT,0
,,,,,,,,,,,C,John Ryan Murphy (15272744),John Ryan Murphy,15272744,C,2400,CHC@PIT 09/03/2020 01:35PM ET,PIT,2.4
,,,,,,,,,,,2B/OF,Kevin Kramer (15272771),Kevin Kramer,15272771,2B/OF,2400,CHC@PIT 09/03/2020 01:35PM ET,PIT,0
,,,,,,,,,,,C,Luke Maile (15272773),Luke Maile,15272773,C,2400,CHC@PIT 09/03/2020 01:35PM ET,PIT,0
,,,,,,,,,,,2B/SS,Ji-Hwan Bae (15272774),Ji-Hwan Bae,15272774,2B/SS,2400,CHC@PIT 09/03/2020 01:35PM ET,PIT,0
,,,,,,,,,,,2B/SS,Rodolfo Castro (15272776),Rodolfo Castro,15272776,2B/SS,2400,CHC@PIT 09/03/2020 01:35PM ET,PIT,0
,,,,,,,,,,,C,Christian Kelley (15272778),Christian Kelley,15272778,C,2400,CHC@PIT 09/03/2020 01:35PM ET,PIT,0
,,,,,,,,,,,OF,Travis Swaggerty (15272779),Travis Swaggerty,15272779,OF,2400,CHC@PIT 09/03/2020 01:35PM ET,PIT,0
,,,,,,,,,,,1B/OF,Mason Martin (15272780),Mason Martin,15272780,1B/OF,2400,CHC@PIT 09/03/2020 01:35PM ET,PIT,0
,,,,,,,,,,,SS,Oneil Cruz (15272782),Oneil Cruz,15272782,SS,2400,CHC@PIT 09/03/2020 01:35PM ET,PIT,0
,,,,,,,,,,,OF,Jared Oliva (15272783),Jared Oliva,15272783,OF,2400,CHC@PIT 09/03/2020 01:35PM ET,PIT,0
,,,,,,,,,,,1B,Will Craig (15272784),Will Craig,15272784,1B,2400,CHC@PIT 09/03/2020 01:35PM ET,PIT,0
,,,,,,,,,,,OF,Jason Martin (15272785),Jason Martin,15272785,OF,2400,CHC@PIT 09/03/2020 01:35PM ET,PIT,2
,,,,,,,,,,,3B,Abraham Toro (15272745),Abraham Toro,15272745,3B,2400,TEX@HOU 09/03/2020 02:10PM ET,HOU,4.59
,,,,,,,,,,,2B,Anderson Tejeda (15272746),Anderson Tejeda,15272746,2B,2400,TEX@HOU 09/03/2020 02:10PM ET,TEX,6.5
,,,,,,,,,,,3B,David Bote (15272748),David Bote,15272748,3B,2300,CHC@PIT 09/03/2020 01:35PM ET,CHC,6.37
,,,,,,,,,,,2B/SS,Hernan Perez (15272787),Hernan Perez,15272787,2B/SS,2300,CHC@PIT 09/03/2020 01:35PM ET,CHC,1
,,,,,,,,,,,OF,Eli White (15272747),Eli White,15272747,OF,2300,TEX@HOU 09/03/2020 02:10PM ET,TEX,0
,,,,,,,,,,,1B,Taylor Jones (15272786),Taylor Jones,15272786,1B,2300,TEX@HOU 09/03/2020 02:10PM ET,HOU,5
,,,,,,,,,,,OF,Jason Heyward (15272749),Jason Heyward,15272749,OF,2200,CHC@PIT 09/03/2020 01:35PM ET,CHC,7.93
,,,,,,,,,,,2B/3B,Nico Hoerner (15272751),Nico Hoerner,15272751,2B/3B,2200,CHC@PIT 09/03/2020 01:35PM ET,CHC,4.47
,,,,,,,,,,,SS,Zack Short (15272789),Zack Short,15272789,SS,2200,CHC@PIT 09/03/2020 01:35PM ET,CHC,0
,,,,,,,,,,,C,Dustin Garneau (15272750),Dustin Garneau,15272750,C,2200,TEX@HOU 09/03/2020 02:10PM ET,HOU,4.4
,,,,,,,,,,,2B,Andy Ibanez (15272790),Andy Ibanez,15272790,2B,2200,TEX@HOU 09/03/2020 02:10PM ET,TEX,0
,,,,,,,,,,,OF,Steven Souza Jr. (15272753),Steven Souza Jr.,15272753,OF,2100,CHC@PIT 09/03/2020 01:35PM ET,CHC,5.2
,,,,,,,,,,,C,Josh Phegley (15272801),Josh Phegley,15272801,C,2100,CHC@PIT 09/03/2020 01:35PM ET,CHC,2.36
,,,,,,,,,,,OF,Albert Almora Jr. (15272802),Albert Almora Jr.,15272802,OF,2100,CHC@PIT 09/03/2020 01:35PM ET,CHC,1.25
,,,,,,,,,,,OF,Mark Zagunis (15272804),Mark Zagunis,15272804,OF,2100,CHC@PIT 09/03/2020 01:35PM ET,CHC,0
,,,,,,,,,,,2B,Daniel Descalso (15272805),Daniel Descalso,15272805,2B,2100,CHC@PIT 09/03/2020 01:35PM ET,CHC,0
,,,,,,,,,,,C,P.J. Higgins (15272806),P.J. Higgins,15272806,C,2100,CHC@PIT 09/03/2020 01:35PM ET,CHC,0
,,,,,,,,,,,C,Miguel Amaya (15272807),Miguel Amaya,15272807,C,2100,CHC@PIT 09/03/2020 01:35PM ET,CHC,0
,,,,,,,,,,,OF,Brennen Davis (15272808),Brennen Davis,15272808,OF,2100,CHC@PIT 09/03/2020 01:35PM ET,CHC,0
,,,,,,,,,,,3B,Christopher Morel (15272809),Christopher Morel,15272809,3B,2100,CHC@PIT 09/03/2020 01:35PM ET,CHC,0
,,,,,,,,,,,1B,Ronald Guzman (15272754),Ronald Guzman,15272754,1B,2100,TEX@HOU 09/03/2020 02:10PM ET,TEX,8.67
,,,,,,,,,,,C,Jamie Ritchie (15272791),Jamie Ritchie,15272791,C,2100,TEX@HOU 09/03/2020 02:10PM ET,HOU,0
,,,,,,,,,,,OF,Jake Meyers (15272792),Jake Meyers,15272792,OF,2100,TEX@HOU 09/03/2020 02:10PM ET,HOU,0
,,,,,,,,,,,2B/SS,Alex De Goti (15272793),Alex De Goti,15272793,2B/SS,2100,TEX@HOU 09/03/2020 02:10PM ET,HOU,0
,,,,,,,,,,,2B/3B,Nick Tanielu (15272795),Nick Tanielu,15272795,2B/3B,2100,TEX@HOU 09/03/2020 02:10PM ET,HOU,0
,,,,,,,,,,,C,Michael Papierski (15272797),Michael Papierski,15272797,C,2100,TEX@HOU 09/03/2020 02:10PM ET,HOU,0
,,,,,,,,,,,OF,Ronnie Dawson (15272798),Ronnie Dawson,15272798,OF,2100,TEX@HOU 09/03/2020 02:10PM ET,HOU,0
,,,,,,,,,,,OF,Chas McCormick (15272799),Chas McCormick,15272799,OF,2100,TEX@HOU 09/03/2020 02:10PM ET,HOU,0
,,,,,,,,,,,C,Colton Shaver (15272800),Colton Shaver,15272800,C,2100,TEX@HOU 09/03/2020 02:10PM ET,HOU,0
,,,,,,,,,,,C,Tim Federowicz (15272803),Tim Federowicz,15272803,C,2100,TEX@HOU 09/03/2020 02:10PM ET,TEX,0
,,,,,,,,,,,OF,Leody Taveras (15272755),Leody Taveras,15272755,OF,2000,TEX@HOU 09/03/2020 02:10PM ET,TEX,5.33
,,,,,,,,,,,2B/OF,Yadiel Rivera (15272756),Yadiel Rivera,15272756,2B/OF,2000,TEX@HOU 09/03/2020 02:10PM ET,TEX,1.25
,,,,,,,,,,,OF,Scott Heineman (15272758),Scott Heineman,15272758,OF,2000,TEX@HOU 09/03/2020 02:10PM ET,TEX,3.64
,,,,,,,,,,,OF,Willie Calhoun (15272810),Willie Calhoun,15272810,OF,2000,TEX@HOU 09/03/2020 02:10PM ET,TEX,3.39
,,,,,,,,,,,3B,Josh Jung (15272811),Josh Jung,15272811,3B,2000,TEX@HOU 09/03/2020 02:10PM ET,TEX,0
,,,,,,,,,,,C,Nick Ciuffo (15272812),Nick Ciuffo,15272812,C,2000,TEX@HOU 09/03/2020 02:10PM ET,TEX,0
,,,,,,,,,,,C,Sam Huff (15272813),Sam Huff,15272813,C,2000,TEX@HOU 09/03/2020 02:10PM ET,TEX,0
,,,,,,,,,,,3B,Sherten Apostel (15272814),Sherten Apostel,15272814,3B,2000,TEX@HOU 09/03/2020 02:10PM ET,TEX,0
,,,,,,,,,,,OF,Adolis Garcia (15272815),Adolis Garcia,15272815,OF,2000,TEX@HOU 09/03/2020 02:10PM ET,TEX,0.67
,,,,,,,,,,,1B/OF,Rob Refsnyder (15272816),Rob Refsnyder,15272816,1B/OF,2000,TEX@HOU 09/03/2020 02:10PM ET,TEX,2.4
